app_name,time_created,count
Grand Theft Auto V,2020-06-06,607
Grand Theft Auto V,2020-05-13,772
Grand Theft Auto V,2020-04-19,929
Grand Theft Auto V,2020-12-11,550
Grand Theft Auto V,2020-05-06,835
Grand Theft Auto V,2020-01-25,1249
Grand Theft Auto V,2020-12-24,779
Grand Theft Auto V,2020-02-04,1589
Grand Theft Auto V,2020-03-30,1493
Grand Theft Auto V,2020-08-14,660
Grand Theft Auto V,2020-09-08,383
Grand Theft Auto V,2020-08-31,430
Grand Theft Auto V,2020-07-15,492
Grand Theft Auto V,2020-02-14,1175
Grand Theft Auto V,2020-08-11,1035
Grand Theft Auto V,2020-01-02,2716
Grand Theft Auto V,2020-05-29,730
Grand Theft Auto V,2020-03-07,884
Grand Theft Auto V,2020-11-29,883
Grand Theft Auto V,2020-06-24,574
Grand Theft Auto V,2020-02-24,999
Grand Theft Auto V,2020-03-28,1343
Grand Theft Auto V,2020-09-20,388
Grand Theft Auto V,2020-11-17,372
Grand Theft Auto V,2020-09-04,382
Grand Theft Auto V,2020-09-30,342
Grand Theft Auto V,2020-06-26,1016
Grand Theft Auto V,2020-05-07,797
Grand Theft Auto V,2020-12-27,1016
Grand Theft Auto V,2020-12-15,2019
Grand Theft Auto V,2020-12-04,598
Grand Theft Auto V,2020-11-22,526
Grand Theft Auto V,2020-06-15,525
Grand Theft Auto V,2020-05-10,784
Grand Theft Auto V,2020-03-20,902
Grand Theft Auto V,2020-05-12,751
Grand Theft Auto V,2020-03-15,813
Grand Theft Auto V,2020-02-05,1571
Grand Theft Auto V,2020-10-14,335
Grand Theft Auto V,2020-06-29,765
Grand Theft Auto V,2020-05-04,929
Grand Theft Auto V,2020-08-22,567
Grand Theft Auto V,2020-08-10,536
Grand Theft Auto V,2020-04-23,830
Grand Theft Auto V,2020-02-01,2374
Grand Theft Auto V,2020-09-14,343
Grand Theft Auto V,2020-05-08,853
Grand Theft Auto V,2020-08-29,491
Grand Theft Auto V,2020-11-16,380
Grand Theft Auto V,2020-11-10,406
Grand Theft Auto V,2020-06-04,651
Grand Theft Auto V,2020-04-06,1039
Grand Theft Auto V,2020-08-27,464
Grand Theft Auto V,2020-08-08,447
Grand Theft Auto V,2020-05-01,970
Grand Theft Auto V,2020-02-27,851
Grand Theft Auto V,2020-10-22,442
Grand Theft Auto V,2020-09-15,331
Grand Theft Auto V,2020-08-05,407
Grand Theft Auto V,2020-03-01,1015
Grand Theft Auto V,2020-05-23,1300
Grand Theft Auto V,2020-03-12,719
Grand Theft Auto V,2020-05-03,845
Grand Theft Auto V,2020-03-16,835
Grand Theft Auto V,2020-02-23,1129
Grand Theft Auto V,2020-02-20,986
Grand Theft Auto V,2020-10-26,476
Grand Theft Auto V,2020-10-16,400
Grand Theft Auto V,2020-01-30,1423
Grand Theft Auto V,2020-11-04,440
Grand Theft Auto V,2020-12-21,632
Grand Theft Auto V,2020-10-27,495
Grand Theft Auto V,2020-09-21,337
Grand Theft Auto V,2020-10-10,346
Grand Theft Auto V,2020-07-20,484
Grand Theft Auto V,2020-03-22,1232
Grand Theft Auto V,2020-10-13,280
Grand Theft Auto V,2020-04-11,945
Grand Theft Auto V,2020-10-17,542
Grand Theft Auto V,2020-07-04,589
Grand Theft Auto V,2020-11-27,859
Grand Theft Auto V,2020-07-07,627
Grand Theft Auto V,2020-06-23,532
Grand Theft Auto V,2020-01-11,1309
Grand Theft Auto V,2020-08-16,617
Grand Theft Auto V,2020-12-07,490
Grand Theft Auto V,2020-07-22,520
Grand Theft Auto V,2020-01-18,1175
Grand Theft Auto V,2020-11-28,916
Grand Theft Auto V,2020-05-09,775
Grand Theft Auto V,2020-08-09,500
Grand Theft Auto V,2020-02-06,1602
Grand Theft Auto V,2020-05-31,774
Grand Theft Auto V,2020-10-20,456
Grand Theft Auto V,2020-04-30,943
Grand Theft Auto V,2020-02-09,2097
Grand Theft Auto V,2020-11-26,925
Grand Theft Auto V,2020-07-08,617
Grand Theft Auto V,2020-10-29,423
Grand Theft Auto V,2020-06-08,513
Grand Theft Auto V,2020-06-03,551
Grand Theft Auto V,2020-09-29,335
Grand Theft Auto V,2020-08-15,638
Grand Theft Auto V,2020-02-03,1556
Grand Theft Auto V,2020-12-28,917
Grand Theft Auto V,2020-02-18,1065
Grand Theft Auto V,2020-02-15,1354
Grand Theft Auto V,2020-01-20,977
Grand Theft Auto V,2020-03-25,1415
Grand Theft Auto V,2020-02-07,1562
Grand Theft Auto V,2020-04-26,746
Grand Theft Auto V,2020-04-12,929
Grand Theft Auto V,2020-01-26,1425
Grand Theft Auto V,2020-11-01,552
Grand Theft Auto V,2020-01-05,1584
Grand Theft Auto V,2020-12-08,534
Grand Theft Auto V,2020-11-12,363
Grand Theft Auto V,2020-10-15,344
Grand Theft Auto V,2020-08-03,455
Grand Theft Auto V,2020-05-28,778
Grand Theft Auto V,2020-12-16,1004
Grand Theft Auto V,2020-10-31,590
Grand Theft Auto V,2020-07-13,537
Grand Theft Auto V,2020-07-11,564
Grand Theft Auto V,2020-06-18,474
Grand Theft Auto V,2020-12-22,622
Grand Theft Auto V,2020-09-01,387
Grand Theft Auto V,2020-07-16,461
Grand Theft Auto V,2020-11-24,422
Grand Theft Auto V,2020-09-26,412
Grand Theft Auto V,2020-08-25,544
Grand Theft Auto V,2020-08-18,578
Grand Theft Auto V,2020-08-20,602
Grand Theft Auto V,2020-07-03,599
Grand Theft Auto V,2020-05-14,2211
Grand Theft Auto V,2020-10-01,352
Grand Theft Auto V,2020-07-12,591
Grand Theft Auto V,2020-01-27,1382
Grand Theft Auto V,2020-07-23,447
Grand Theft Auto V,2020-01-07,1114
Grand Theft Auto V,2020-06-16,494
Grand Theft Auto V,2020-03-08,843
Grand Theft Auto V,2020-03-31,2000
Grand Theft Auto V,2020-12-23,739
Grand Theft Auto V,2020-11-07,598
Grand Theft Auto V,2020-07-25,457
Grand Theft Auto V,2020-04-01,1490
Grand Theft Auto V,2020-02-21,1103
Grand Theft Auto V,2020-12-31,869
Grand Theft Auto V,2020-06-27,851
Grand Theft Auto V,2020-05-25,894
Grand Theft Auto V,2020-01-08,1090
Grand Theft Auto V,2020-12-10,571
Grand Theft Auto V,2020-01-10,1149
Grand Theft Auto V,2020-11-20,476
Grand Theft Auto V,2020-09-27,333
Grand Theft Auto V,2020-04-07,1029
Grand Theft Auto V,2020-11-19,395
Grand Theft Auto V,2020-04-16,984
Grand Theft Auto V,2020-02-13,1172
Grand Theft Auto V,2020-11-03,481
Grand Theft Auto V,2020-10-03,362
Grand Theft Auto V,2020-07-14,521
Grand Theft Auto V,2020-07-09,602
Grand Theft Auto V,2020-04-28,781
Grand Theft Auto V,2020-05-27,797
Grand Theft Auto V,2020-03-27,1458
Grand Theft Auto V,2020-01-17,990
Grand Theft Auto V,2020-12-03,591
Grand Theft Auto V,2020-11-30,805
Grand Theft Auto V,2020-09-28,321
Grand Theft Auto V,2020-04-05,1054
Grand Theft Auto V,2020-09-02,394
Grand Theft Auto V,2020-11-15,540
Grand Theft Auto V,2020-01-24,894
Grand Theft Auto V,2020-05-20,1310
Grand Theft Auto V,2020-04-02,1227
Grand Theft Auto V,2020-11-23,457
Grand Theft Auto V,2020-10-04,408
Grand Theft Auto V,2020-06-17,465
Grand Theft Auto V,2020-02-10,1253
Grand Theft Auto V,2020-09-09,486
Grand Theft Auto V,2020-06-20,581
Grand Theft Auto V,2020-09-07,385
Grand Theft Auto V,2020-01-01,2609
Grand Theft Auto V,2020-11-09,425
Grand Theft Auto V,2020-10-19,460
Grand Theft Auto V,2020-10-09,320
Grand Theft Auto V,2020-02-19,978
Grand Theft Auto V,2020-06-14,534
Grand Theft Auto V,2020-05-22,1175
Grand Theft Auto V,2020-06-28,787
Grand Theft Auto V,2020-05-15,3213
Grand Theft Auto V,2020-01-23,827
Grand Theft Auto V,2020-08-23,571
Grand Theft Auto V,2020-07-29,466
Grand Theft Auto V,2020-12-17,746
Grand Theft Auto V,2020-09-25,326
Grand Theft Auto V,2020-08-12,733
Grand Theft Auto V,2020-06-12,529
Grand Theft Auto V,2020-03-05,796
Grand Theft Auto V,2020-04-21,887
Grand Theft Auto V,2020-08-17,608
Grand Theft Auto V,2020-04-24,786
Grand Theft Auto V,2020-09-13,414
Grand Theft Auto V,2020-04-22,845
Grand Theft Auto V,2020-09-10,415
Grand Theft Auto V,2020-07-30,480
Grand Theft Auto V,2020-07-28,455
Grand Theft Auto V,2020-05-21,1321
Grand Theft Auto V,2020-03-13,817
Grand Theft Auto V,2020-02-28,1085
Grand Theft Auto V,2020-07-06,636
Grand Theft Auto V,2020-05-05,833
Grand Theft Auto V,2020-10-11,378
Grand Theft Auto V,2020-09-06,424
Grand Theft Auto V,2020-04-20,835
Grand Theft Auto V,2020-08-30,579
Grand Theft Auto V,2020-02-17,1091
Grand Theft Auto V,2020-02-02,2263
Grand Theft Auto V,2020-12-19,763
Grand Theft Auto V,2020-01-16,887
Grand Theft Auto V,2020-07-27,418
Grand Theft Auto V,2020-09-18,350
Grand Theft Auto V,2020-08-28,520
Grand Theft Auto V,2020-08-01,485
Grand Theft Auto V,2020-05-26,915
Grand Theft Auto V,2020-05-19,1651
Grand Theft Auto V,2020-12-05,623
Grand Theft Auto V,2020-07-18,522
Grand Theft Auto V,2020-06-19,516
Grand Theft Auto V,2020-06-22,576
Grand Theft Auto V,2020-04-17,868
Grand Theft Auto V,2020-01-15,923
Grand Theft Auto V,2020-10-06,351
Grand Theft Auto V,2020-09-22,299
Grand Theft Auto V,2020-05-18,1810
Grand Theft Auto V,2020-04-08,1060
Grand Theft Auto V,2020-12-25,820
Grand Theft Auto V,2020-09-16,399
Grand Theft Auto V,2020-06-13,581
Grand Theft Auto V,2020-04-09,1014
Grand Theft Auto V,2020-01-04,1762
Grand Theft Auto V,2020-12-26,972
Grand Theft Auto V,2020-03-29,1347
Grand Theft Auto V,2020-03-18,888
Grand Theft Auto V,2020-11-08,510
Grand Theft Auto V,2020-11-06,513
Grand Theft Auto V,2020-11-21,561
Grand Theft Auto V,2020-03-03,791
Grand Theft Auto V,2020-09-17,409
Grand Theft Auto V,2020-03-24,1414
Grand Theft Auto V,2020-02-08,1766
Grand Theft Auto V,2020-11-25,567
Grand Theft Auto V,2020-06-07,541
Grand Theft Auto V,2020-07-21,497
Grand Theft Auto V,2020-03-06,781
Grand Theft Auto V,2020-02-16,1230
Grand Theft Auto V,2020-01-13,941
Grand Theft Auto V,2020-08-21,559
Grand Theft Auto V,2020-04-15,1202
Grand Theft Auto V,2020-10-21,480
Grand Theft Auto V,2020-06-02,613
Grand Theft Auto V,2020-02-29,1072
Grand Theft Auto V,2020-08-06,429
Grand Theft Auto V,2020-06-11,594
Grand Theft Auto V,2020-06-10,559
Grand Theft Auto V,2020-06-05,628
Grand Theft Auto V,2020-03-17,851
Grand Theft Auto V,2020-10-02,378
Grand Theft Auto V,2020-08-19,593
Grand Theft Auto V,2020-10-12,326
Grand Theft Auto V,2020-04-13,947
Grand Theft Auto V,2020-03-21,1104
Grand Theft Auto V,2020-01-28,1377
Grand Theft Auto V,2020-07-31,420
Grand Theft Auto V,2020-03-23,1331
Grand Theft Auto V,2020-02-26,912
Grand Theft Auto V,2020-02-11,1342
Grand Theft Auto V,2020-10-08,347
Grand Theft Auto V,2020-03-10,698
Grand Theft Auto V,2020-09-24,289
Grand Theft Auto V,2020-08-24,618
Grand Theft Auto V,2020-03-02,807
Grand Theft Auto V,2020-10-07,349
Grand Theft Auto V,2020-08-07,422
Grand Theft Auto V,2020-07-17,558
Grand Theft Auto V,2020-11-05,455
Grand Theft Auto V,2020-06-30,710
Grand Theft Auto V,2020-08-26,514
Grand Theft Auto V,2020-09-05,425
Grand Theft Auto V,2020-07-01,650
Grand Theft Auto V,2020-12-02,615
Grand Theft Auto V,2020-08-02,444
Grand Theft Auto V,2020-06-21,594
Grand Theft Auto V,2020-11-13,433
Grand Theft Auto V,2020-05-24,1057
Grand Theft Auto V,2020-12-13,572
Grand Theft Auto V,2020-10-05,377
Grand Theft Auto V,2020-04-10,922
Grand Theft Auto V,2020-12-20,693
Grand Theft Auto V,2020-09-19,404
Grand Theft Auto V,2020-05-11,771
Grand Theft Auto V,2020-10-24,620
Grand Theft Auto V,2020-06-09,482
Grand Theft Auto V,2020-06-01,662
Grand Theft Auto V,2020-11-14,528
Grand Theft Auto V,2020-10-25,609
Grand Theft Auto V,2020-04-18,882
Grand Theft Auto V,2020-01-29,1390
Grand Theft Auto V,2020-11-18,449
Grand Theft Auto V,2020-05-16,2669
Grand Theft Auto V,2020-04-27,812
Grand Theft Auto V,2020-04-04,1467
Grand Theft Auto V,2020-12-30,893
Grand Theft Auto V,2020-08-13,689
Grand Theft Auto V,2020-04-14,946
Grand Theft Auto V,2020-03-11,704
Grand Theft Auto V,2020-07-19,499
Grand Theft Auto V,2020-10-28,480
Grand Theft Auto V,2020-09-23,339
Grand Theft Auto V,2020-07-02,603
Grand Theft Auto V,2020-04-25,823
Grand Theft Auto V,2020-09-12,478
Grand Theft Auto V,2020-02-22,1215
Grand Theft Auto V,2020-03-19,954
Grand Theft Auto V,2020-01-12,1290
Grand Theft Auto V,2020-11-11,381
Grand Theft Auto V,2020-07-26,487
Grand Theft Auto V,2020-08-04,438
Grand Theft Auto V,2020-03-09,757
Grand Theft Auto V,2020-09-03,398
Grand Theft Auto V,2020-03-26,1391
Grand Theft Auto V,2020-03-14,837
Grand Theft Auto V,2020-03-04,739
Grand Theft Auto V,2020-01-31,1628
Grand Theft Auto V,2020-01-03,1816
Grand Theft Auto V,2020-07-24,412
Grand Theft Auto V,2020-05-17,2510
Grand Theft Auto V,2020-04-03,1275
Grand Theft Auto V,2020-01-06,1326
Grand Theft Auto V,2020-05-30,800
Grand Theft Auto V,2020-01-19,1120
Grand Theft Auto V,2020-12-29,962
Grand Theft Auto V,2020-05-02,942
Grand Theft Auto V,2020-12-18,730
Grand Theft Auto V,2020-04-29,843
Grand Theft Auto V,2020-12-06,563
Grand Theft Auto V,2020-10-18,532
Grand Theft Auto V,2020-07-10,594
Grand Theft Auto V,2020-02-12,1234
Grand Theft Auto V,2020-12-14,583
Grand Theft Auto V,2020-12-09,557
Grand Theft Auto V,2020-01-22,789
Grand Theft Auto V,2020-01-21,878
Grand Theft Auto V,2020-11-02,503
Grand Theft Auto V,2020-07-05,654
Grand Theft Auto V,2020-06-25,747
Grand Theft Auto V,2020-01-14,990
Grand Theft Auto V,2020-12-12,622
Grand Theft Auto V,2020-12-01,701
Grand Theft Auto V,2020-10-30,540
Grand Theft Auto V,2020-02-25,914
Grand Theft Auto V,2020-10-23,480
Grand Theft Auto V,2020-09-11,391
Grand Theft Auto V,2020-01-09,1047
PLAYERUNKNOWN'S BATTLEGROUNDS,2020-01-19,1505
PLAYERUNKNOWN'S BATTLEGROUNDS,2020-02-27,1074
PLAYERUNKNOWN'S BATTLEGROUNDS,2020-01-17,1429
PLAYERUNKNOWN'S BATTLEGROUNDS,2020-03-16,1002
PLAYERUNKNOWN'S BATTLEGROUNDS,2020-03-23,1439
PLAYERUNKNOWN'S BATTLEGROUNDS,2020-01-10,1408
PLAYERUNKNOWN'S BATTLEGROUNDS,2020-01-15,1618
PLAYERUNKNOWN'S BATTLEGROUNDS,2020-02-24,1124
PLAYERUNKNOWN'S BATTLEGROUNDS,2020-03-05,954
PLAYERUNKNOWN'S BATTLEGROUNDS,2020-03-10,1205
PLAYERUNKNOWN'S BATTLEGROUNDS,2020-01-09,1547
PLAYERUNKNOWN'S BATTLEGROUNDS,2020-01-27,1217
PLAYERUNKNOWN'S BATTLEGROUNDS,2020-01-25,1205
PLAYERUNKNOWN'S BATTLEGROUNDS,2020-01-08,1840
PLAYERUNKNOWN'S BATTLEGROUNDS,2020-03-29,1047
PLAYERUNKNOWN'S BATTLEGROUNDS,2020-02-04,1290
PLAYERUNKNOWN'S BATTLEGROUNDS,2020-01-11,1592
PLAYERUNKNOWN'S BATTLEGROUNDS,2020-01-20,1459
PLAYERUNKNOWN'S BATTLEGROUNDS,2020-03-08,1108
PLAYERUNKNOWN'S BATTLEGROUNDS,2020-03-20,1032
PLAYERUNKNOWN'S BATTLEGROUNDS,2020-02-09,1310
PLAYERUNKNOWN'S BATTLEGROUNDS,2020-03-31,904
PLAYERUNKNOWN'S BATTLEGROUNDS,2020-01-26,1267
PLAYERUNKNOWN'S BATTLEGROUNDS,2020-02-08,1309
PLAYERUNKNOWN'S BATTLEGROUNDS,2020-02-05,1723
PLAYERUNKNOWN'S BATTLEGROUNDS,2020-01-03,2084
PLAYERUNKNOWN'S BATTLEGROUNDS,2020-01-02,1747
PLAYERUNKNOWN'S BATTLEGROUNDS,2020-02-21,1223
PLAYERUNKNOWN'S BATTLEGROUNDS,2020-02-28,1040
PLAYERUNKNOWN'S BATTLEGROUNDS,2020-03-12,917
PLAYERUNKNOWN'S BATTLEGROUNDS,2020-02-20,1290
PLAYERUNKNOWN'S BATTLEGROUNDS,2020-01-23,1714
PLAYERUNKNOWN'S BATTLEGROUNDS,2020-03-25,1468
PLAYERUNKNOWN'S BATTLEGROUNDS,2020-03-24,1146
PLAYERUNKNOWN'S BATTLEGROUNDS,2020-02-26,1281
PLAYERUNKNOWN'S BATTLEGROUNDS,2020-01-01,1860
PLAYERUNKNOWN'S BATTLEGROUNDS,2020-01-06,1596
PLAYERUNKNOWN'S BATTLEGROUNDS,2020-02-10,1273
PLAYERUNKNOWN'S BATTLEGROUNDS,2020-03-26,1092
PLAYERUNKNOWN'S BATTLEGROUNDS,2020-02-03,1189
PLAYERUNKNOWN'S BATTLEGROUNDS,2020-03-17,1033
PLAYERUNKNOWN'S BATTLEGROUNDS,2020-01-24,1209
PLAYERUNKNOWN'S BATTLEGROUNDS,2020-03-04,1280
PLAYERUNKNOWN'S BATTLEGROUNDS,2020-01-16,1542
PLAYERUNKNOWN'S BATTLEGROUNDS,2020-01-22,2753
PLAYERUNKNOWN'S BATTLEGROUNDS,2020-02-13,1204
PLAYERUNKNOWN'S BATTLEGROUNDS,2020-03-15,1044
PLAYERUNKNOWN'S BATTLEGROUNDS,2020-02-12,1516
PLAYERUNKNOWN'S BATTLEGROUNDS,2020-01-31,1225
PLAYERUNKNOWN'S BATTLEGROUNDS,2020-03-09,2159
PLAYERUNKNOWN'S BATTLEGROUNDS,2020-02-15,1311
PLAYERUNKNOWN'S BATTLEGROUNDS,2020-01-07,1589
PLAYERUNKNOWN'S BATTLEGROUNDS,2020-03-01,1028
PLAYERUNKNOWN'S BATTLEGROUNDS,2020-01-30,1138
PLAYERUNKNOWN'S BATTLEGROUNDS,2020-01-18,1465
PLAYERUNKNOWN'S BATTLEGROUNDS,2020-01-05,1869
PLAYERUNKNOWN'S BATTLEGROUNDS,2020-02-19,2159
PLAYERUNKNOWN'S BATTLEGROUNDS,2020-03-06,1006
PLAYERUNKNOWN'S BATTLEGROUNDS,2020-01-28,1261
PLAYERUNKNOWN'S BATTLEGROUNDS,2020-03-11,1020
PLAYERUNKNOWN'S BATTLEGROUNDS,2020-03-03,903
PLAYERUNKNOWN'S BATTLEGROUNDS,2020-02-07,1311
PLAYERUNKNOWN'S BATTLEGROUNDS,2020-02-14,1288
PLAYERUNKNOWN'S BATTLEGROUNDS,2020-01-13,1324
PLAYERUNKNOWN'S BATTLEGROUNDS,2020-03-14,1050
PLAYERUNKNOWN'S BATTLEGROUNDS,2020-02-01,1344
PLAYERUNKNOWN'S BATTLEGROUNDS,2020-03-27,1090
PLAYERUNKNOWN'S BATTLEGROUNDS,2020-03-19,1065
PLAYERUNKNOWN'S BATTLEGROUNDS,2020-01-12,1616
PLAYERUNKNOWN'S BATTLEGROUNDS,2020-02-22,1214
PLAYERUNKNOWN'S BATTLEGROUNDS,2020-02-23,1217
PLAYERUNKNOWN'S BATTLEGROUNDS,2020-03-13,966
PLAYERUNKNOWN'S BATTLEGROUNDS,2020-02-11,1493
PLAYERUNKNOWN'S BATTLEGROUNDS,2020-02-18,1226
PLAYERUNKNOWN'S BATTLEGROUNDS,2020-01-29,1216
PLAYERUNKNOWN'S BATTLEGROUNDS,2020-01-04,1974
PLAYERUNKNOWN'S BATTLEGROUNDS,2020-03-28,1074
PLAYERUNKNOWN'S BATTLEGROUNDS,2020-02-29,1121
PLAYERUNKNOWN'S BATTLEGROUNDS,2020-03-21,1111
PLAYERUNKNOWN'S BATTLEGROUNDS,2020-02-02,1379
PLAYERUNKNOWN'S BATTLEGROUNDS,2020-03-30,942
PLAYERUNKNOWN'S BATTLEGROUNDS,2020-03-02,936
PLAYERUNKNOWN'S BATTLEGROUNDS,2020-02-17,1156
PLAYERUNKNOWN'S BATTLEGROUNDS,2020-02-06,1420
PLAYERUNKNOWN'S BATTLEGROUNDS,2020-03-07,1038
PLAYERUNKNOWN'S BATTLEGROUNDS,2020-03-18,1819
PLAYERUNKNOWN'S BATTLEGROUNDS,2020-01-21,1421
PLAYERUNKNOWN'S BATTLEGROUNDS,2020-01-14,1375
PLAYERUNKNOWN'S BATTLEGROUNDS,2020-03-22,1106
PLAYERUNKNOWN'S BATTLEGROUNDS,2020-02-16,1254
PLAYERUNKNOWN'S BATTLEGROUNDS,2020-02-25,1211
Rocket League,2020-11-10,244
Rocket League,2020-11-07,272
Rocket League,2020-03-03,223
Rocket League,2020-04-05,440
Rocket League,2020-07-13,259
Rocket League,2020-01-30,289
Rocket League,2020-03-10,598
Rocket League,2020-05-01,330
Rocket League,2020-04-10,452
Rocket League,2020-10-04,438
Rocket League,2020-01-28,330
Rocket League,2020-05-30,254
Rocket League,2020-01-20,359
Rocket League,2020-04-15,651
Rocket League,2020-03-15,426
Rocket League,2020-02-10,266
Rocket League,2020-01-10,348
Rocket League,2020-11-06,298
Rocket League,2020-06-27,470
Rocket League,2020-05-16,236
Rocket League,2020-03-31,434
Rocket League,2020-02-18,262
Rocket League,2020-12-28,291
Rocket League,2020-10-08,317
Rocket League,2020-03-07,309
Rocket League,2020-01-18,417
Rocket League,2020-08-24,233
Rocket League,2020-01-08,347
Rocket League,2020-08-17,218
Rocket League,2020-04-23,349
Rocket League,2020-10-11,353
Rocket League,2020-06-09,233
Rocket League,2020-07-24,263
Rocket League,2020-12-22,294
Rocket League,2020-03-18,416
Rocket League,2020-03-08,269
Rocket League,2020-09-05,245
Rocket League,2020-08-10,245
Rocket League,2020-07-16,218
Rocket League,2020-02-06,353
Rocket League,2020-07-20,236
Rocket League,2020-03-22,378
Rocket League,2020-05-09,275
Rocket League,2020-09-30,489
Rocket League,2020-01-09,324
Rocket League,2020-10-13,342
Rocket League,2020-07-11,261
Rocket League,2020-04-02,469
Rocket League,2020-08-21,217
Rocket League,2020-07-21,307
Rocket League,2020-10-29,332
Rocket League,2020-04-04,414
Rocket League,2020-04-21,391
Rocket League,2020-09-12,216
Rocket League,2020-08-18,236
Rocket League,2020-02-29,318
Rocket League,2020-02-25,240
Rocket League,2020-10-07,366
Rocket League,2020-07-30,247
Rocket League,2020-09-01,282
Rocket League,2020-04-18,425
Rocket League,2020-01-26,550
Rocket League,2020-12-12,302
Rocket League,2020-09-22,470
Rocket League,2020-08-03,256
Rocket League,2020-05-03,308
Rocket League,2020-03-30,448
Rocket League,2020-10-25,365
Rocket League,2020-11-18,382
Rocket League,2020-07-04,299
Rocket League,2020-08-22,265
Rocket League,2020-08-04,250
Rocket League,2020-03-19,342
Rocket League,2020-11-08,313
Rocket League,2020-10-19,410
Rocket League,2020-09-26,653
Rocket League,2020-01-01,508
Rocket League,2020-04-09,398
Rocket League,2020-11-29,536
Rocket League,2020-10-22,318
Rocket League,2020-08-07,255
Rocket League,2020-06-02,242
Rocket League,2020-11-20,215
Rocket League,2020-06-20,261
Rocket League,2020-12-05,252
Rocket League,2020-12-01,423
Rocket League,2020-11-02,256
Rocket League,2020-07-02,300
Rocket League,2020-06-12,234
Rocket League,2020-02-15,281
Rocket League,2020-02-09,372
Rocket League,2020-11-03,276
Rocket League,2020-10-15,304
Rocket League,2020-04-16,481
Rocket League,2020-02-24,237
Rocket League,2020-12-25,267
Rocket League,2020-06-21,234
Rocket League,2020-02-19,265
Rocket League,2020-05-07,293
Rocket League,2020-12-02,255
Rocket League,2020-04-29,353
Rocket League,2020-12-18,280
Rocket League,2020-09-07,218
Rocket League,2020-07-10,270
Rocket League,2020-02-04,590
Rocket League,2020-12-19,281
Rocket League,2020-12-16,260
Rocket League,2020-11-22,238
Rocket League,2020-10-16,351
Rocket League,2020-06-16,596
Rocket League,2020-03-04,225
Rocket League,2020-01-07,365
Rocket League,2020-09-27,626
Rocket League,2020-08-15,255
Rocket League,2020-03-06,224
Rocket League,2020-12-26,284
Rocket League,2020-11-30,459
Rocket League,2020-10-09,355
Rocket League,2020-05-24,244
Rocket League,2020-02-20,251
Rocket League,2020-02-13,240
Rocket League,2020-02-21,297
Rocket League,2020-05-28,245
Rocket League,2020-05-22,275
Rocket League,2020-09-17,1552
Rocket League,2020-10-10,396
Rocket League,2020-03-11,505
Rocket League,2020-04-25,337
Rocket League,2020-02-16,339
Rocket League,2020-06-01,243
Rocket League,2020-09-21,306
Rocket League,2020-04-26,324
Rocket League,2020-01-15,609
Rocket League,2020-12-07,234
Rocket League,2020-06-06,239
Rocket League,2020-04-22,368
Rocket League,2020-10-20,612
Rocket League,2020-05-05,294
Rocket League,2020-04-19,399
Rocket League,2020-05-20,256
Rocket League,2020-05-15,306
Rocket League,2020-11-28,635
Rocket League,2020-04-11,408
Rocket League,2020-03-23,416
Rocket League,2020-06-18,277
Rocket League,2020-06-17,358
Rocket League,2020-04-27,370
Rocket League,2020-10-14,352
Rocket League,2020-09-15,248
Rocket League,2020-08-06,231
Rocket League,2020-07-28,262
Rocket League,2020-04-07,442
Rocket League,2020-01-24,566
Rocket League,2020-06-28,345
Rocket League,2020-10-21,367
Rocket League,2020-07-09,295
Rocket League,2020-04-14,467
Rocket League,2020-11-14,272
Rocket League,2020-11-16,220
Rocket League,2020-09-03,273
Rocket League,2020-05-21,274
Rocket League,2020-10-06,348
Rocket League,2020-03-13,418
Rocket League,2020-03-09,226
Rocket League,2020-12-23,289
Rocket League,2020-05-17,233
Rocket League,2020-10-24,348
Rocket League,2020-02-14,266
Rocket League,2020-03-25,680
Rocket League,2020-10-28,295
Rocket League,2020-02-01,734
Rocket League,2020-01-22,314
Rocket League,2020-09-16,1904
Rocket League,2020-07-25,275
Rocket League,2020-04-03,430
Rocket League,2020-09-02,254
Rocket League,2020-04-20,446
Rocket League,2020-12-20,282
Rocket League,2020-01-23,375
Rocket League,2020-07-19,242
Rocket League,2020-05-13,293
Rocket League,2020-08-14,220
Rocket League,2020-11-23,266
Rocket League,2020-08-16,252
Rocket League,2020-09-28,481
Rocket League,2020-09-24,924
Rocket League,2020-07-05,298
Rocket League,2020-03-21,355
Rocket League,2020-02-02,527
Rocket League,2020-01-03,521
Rocket League,2020-02-07,325
Rocket League,2020-02-11,259
Rocket League,2020-09-11,230
Rocket League,2020-02-03,297
Rocket League,2020-10-30,340
Rocket League,2020-10-23,284
Rocket League,2020-07-07,305
Rocket League,2020-11-19,247
Rocket League,2020-05-23,284
Rocket League,2020-11-24,215
Rocket League,2020-06-19,254
Rocket League,2020-05-19,293
Rocket League,2020-05-11,293
Rocket League,2020-02-22,329
Rocket League,2020-01-11,435
Rocket League,2020-07-01,312
Rocket League,2020-12-17,527
Rocket League,2020-08-27,282
Rocket League,2020-04-08,380
Rocket League,2020-02-27,225
Rocket League,2020-01-14,310
Rocket League,2020-12-24,277
Rocket League,2020-12-11,312
Rocket League,2020-08-29,253
Rocket League,2020-12-10,452
Rocket League,2020-08-13,251
Rocket League,2020-09-09,198
Rocket League,2020-08-02,282
Rocket League,2020-05-10,296
Rocket League,2020-09-10,220
Rocket League,2020-05-27,248
Rocket League,2020-03-12,373
Rocket League,2020-10-02,530
Rocket League,2020-09-25,639
Rocket League,2020-05-18,254
Rocket League,2020-12-09,925
Rocket League,2020-09-08,239
Rocket League,2020-08-19,261
Rocket League,2020-08-28,233
Rocket League,2020-06-29,361
Rocket League,2020-11-12,222
Rocket League,2020-10-27,315
Rocket League,2020-11-11,250
Rocket League,2020-04-17,444
Rocket League,2020-08-23,249
Rocket League,2020-05-12,302
Rocket League,2020-04-30,352
Rocket League,2020-01-19,404
Rocket League,2020-03-17,397
Rocket League,2020-12-29,298
Rocket League,2020-10-26,336
Rocket League,2020-03-05,189
Rocket League,2020-06-11,215
Rocket League,2020-12-08,272
Rocket League,2020-11-01,261
Rocket League,2020-10-17,315
Rocket League,2020-12-06,214
Rocket League,2020-09-20,426
Rocket League,2020-08-20,197
Rocket League,2020-08-11,275
Rocket League,2020-03-20,385
Rocket League,2020-07-14,238
Rocket League,2020-08-30,237
Rocket League,2020-05-14,291
Rocket League,2020-01-12,425
Rocket League,2020-11-17,220
Rocket League,2020-09-29,736
Rocket League,2020-07-15,216
Rocket League,2020-04-01,514
Rocket League,2020-12-03,223
Rocket League,2020-01-31,453
Rocket League,2020-12-04,239
Rocket League,2020-04-06,429
Rocket League,2020-02-23,305
Rocket League,2020-02-17,310
Rocket League,2020-12-30,292
Rocket League,2020-01-21,311
Rocket League,2020-01-02,581
Rocket League,2020-11-25,820
Rocket League,2020-05-06,306
Rocket League,2020-01-27,352
Rocket League,2020-01-05,520
Rocket League,2020-11-04,271
Rocket League,2020-02-05,482
Rocket League,2020-09-04,261
Rocket League,2020-08-09,220
Rocket League,2020-07-17,219
Rocket League,2020-04-24,346
Rocket League,2020-02-08,365
Rocket League,2020-09-13,224
Rocket League,2020-11-05,256
Rocket League,2020-10-05,393
Rocket League,2020-08-31,296
Rocket League,2020-04-12,426
Rocket League,2020-11-15,224
Rocket League,2020-02-26,229
Rocket League,2020-03-27,454
Rocket League,2020-07-22,382
Rocket League,2020-01-25,481
Rocket League,2020-10-03,433
Rocket League,2020-06-03,241
Rocket League,2020-10-01,425
Rocket League,2020-01-29,319
Rocket League,2020-06-23,219
Rocket League,2020-10-18,485
Rocket League,2020-08-05,238
Rocket League,2020-01-17,365
Rocket League,2020-12-31,279
Rocket League,2020-09-14,212
Rocket League,2020-09-06,233
Rocket League,2020-01-06,390
Rocket League,2020-07-26,247
Rocket League,2020-08-25,226
Rocket League,2020-06-05,246
Rocket League,2020-06-26,513
Rocket League,2020-01-04,541
Rocket League,2020-07-12,227
Rocket League,2020-05-26,279
Rocket League,2020-07-06,281
Rocket League,2020-11-21,272
Rocket League,2020-07-29,275
Rocket League,2020-06-22,235
Rocket League,2020-06-14,236
Rocket League,2020-03-02,209
Rocket League,2020-03-29,461
Rocket League,2020-07-31,243
Rocket League,2020-06-07,215
Rocket League,2020-01-13,308
Rocket League,2020-05-08,309
Rocket League,2020-05-04,302
Rocket League,2020-11-09,263
Rocket League,2020-06-30,328
Rocket League,2020-12-13,277
Rocket League,2020-03-16,420
Rocket League,2020-03-01,283
Rocket League,2020-09-18,724
Rocket League,2020-07-03,411
Rocket League,2020-06-15,284
Rocket League,2020-05-25,282
Rocket League,2020-04-13,447
Rocket League,2020-12-14,285
Rocket League,2020-11-26,1241
Rocket League,2020-10-12,395
Rocket League,2020-03-26,609
Rocket League,2020-10-31,259
Rocket League,2020-07-18,238
Rocket League,2020-06-13,228
Rocket League,2020-06-10,237
Rocket League,2020-05-31,264
Rocket League,2020-07-27,266
Rocket League,2020-07-08,316
Rocket League,2020-11-13,217
Rocket League,2020-08-12,224
Rocket League,2020-03-14,399
Rocket League,2020-12-27,303
Rocket League,2020-12-15,271
Rocket League,2020-06-25,359
Rocket League,2020-06-08,227
Rocket League,2020-05-02,321
Rocket League,2020-11-27,794
Rocket League,2020-02-12,230
Rocket League,2020-04-28,342
Rocket League,2020-08-26,257
Rocket League,2020-08-08,228
Rocket League,2020-06-04,232
Rocket League,2020-02-28,248
Rocket League,2020-12-21,280
Rocket League,2020-05-29,261
Rocket League,2020-01-16,412
Rocket League,2020-09-19,553
Rocket League,2020-06-24,245
Rocket League,2020-03-28,463
Rocket League,2020-07-23,289
Rocket League,2020-09-23,1148
Rocket League,2020-08-01,259
Rocket League,2020-03-24,650
PLAYERUNKNOWN'S BATTLEGROUNDS,2020-07-31,689
PLAYERUNKNOWN'S BATTLEGROUNDS,2020-11-01,567
PLAYERUNKNOWN'S BATTLEGROUNDS,2020-06-06,1703
PLAYERUNKNOWN'S BATTLEGROUNDS,2020-08-16,681
PLAYERUNKNOWN'S BATTLEGROUNDS,2020-11-06,529
PLAYERUNKNOWN'S BATTLEGROUNDS,2020-08-14,738
PLAYERUNKNOWN'S BATTLEGROUNDS,2020-09-21,521
PLAYERUNKNOWN'S BATTLEGROUNDS,2020-09-12,635
PLAYERUNKNOWN'S BATTLEGROUNDS,2020-06-14,955
PLAYERUNKNOWN'S BATTLEGROUNDS,2020-05-03,872
PLAYERUNKNOWN'S BATTLEGROUNDS,2020-04-23,1407
PLAYERUNKNOWN'S BATTLEGROUNDS,2020-12-10,671
PLAYERUNKNOWN'S BATTLEGROUNDS,2020-11-09,463
PLAYERUNKNOWN'S BATTLEGROUNDS,2020-07-05,890
PLAYERUNKNOWN'S BATTLEGROUNDS,2020-10-15,924
PLAYERUNKNOWN'S BATTLEGROUNDS,2020-04-09,1228
PLAYERUNKNOWN'S BATTLEGROUNDS,2020-04-07,815
PLAYERUNKNOWN'S BATTLEGROUNDS,2020-09-16,1255
PLAYERUNKNOWN'S BATTLEGROUNDS,2020-08-27,614
PLAYERUNKNOWN'S BATTLEGROUNDS,2020-06-25,824
PLAYERUNKNOWN'S BATTLEGROUNDS,2020-05-04,937
PLAYERUNKNOWN'S BATTLEGROUNDS,2020-04-30,1081
PLAYERUNKNOWN'S BATTLEGROUNDS,2020-09-01,559
PLAYERUNKNOWN'S BATTLEGROUNDS,2020-12-27,697
PLAYERUNKNOWN'S BATTLEGROUNDS,2020-09-08,591
PLAYERUNKNOWN'S BATTLEGROUNDS,2020-12-11,664
PLAYERUNKNOWN'S BATTLEGROUNDS,2020-09-13,610
PLAYERUNKNOWN'S BATTLEGROUNDS,2020-07-26,954
PLAYERUNKNOWN'S BATTLEGROUNDS,2020-12-08,582
PLAYERUNKNOWN'S BATTLEGROUNDS,2020-10-01,511
PLAYERUNKNOWN'S BATTLEGROUNDS,2020-04-28,1118
PLAYERUNKNOWN'S BATTLEGROUNDS,2020-10-12,482
PLAYERUNKNOWN'S BATTLEGROUNDS,2020-10-05,674
PLAYERUNKNOWN'S BATTLEGROUNDS,2020-07-25,890
PLAYERUNKNOWN'S BATTLEGROUNDS,2020-06-13,990
PLAYERUNKNOWN'S BATTLEGROUNDS,2020-05-17,842
PLAYERUNKNOWN'S BATTLEGROUNDS,2020-09-15,621
PLAYERUNKNOWN'S BATTLEGROUNDS,2020-09-04,620
PLAYERUNKNOWN'S BATTLEGROUNDS,2020-08-15,698
PLAYERUNKNOWN'S BATTLEGROUNDS,2020-07-14,699
PLAYERUNKNOWN'S BATTLEGROUNDS,2020-05-23,983
PLAYERUNKNOWN'S BATTLEGROUNDS,2020-04-05,967
PLAYERUNKNOWN'S BATTLEGROUNDS,2020-06-10,1027
PLAYERUNKNOWN'S BATTLEGROUNDS,2020-04-18,871
PLAYERUNKNOWN'S BATTLEGROUNDS,2020-07-28,793
PLAYERUNKNOWN'S BATTLEGROUNDS,2020-10-02,610
PLAYERUNKNOWN'S BATTLEGROUNDS,2020-04-29,1453
PLAYERUNKNOWN'S BATTLEGROUNDS,2020-11-30,991
PLAYERUNKNOWN'S BATTLEGROUNDS,2020-10-20,477
PLAYERUNKNOWN'S BATTLEGROUNDS,2020-09-30,696
PLAYERUNKNOWN'S BATTLEGROUNDS,2020-05-28,787
PLAYERUNKNOWN'S BATTLEGROUNDS,2020-11-04,518
PLAYERUNKNOWN'S BATTLEGROUNDS,2020-05-19,707
PLAYERUNKNOWN'S BATTLEGROUNDS,2020-06-01,800
PLAYERUNKNOWN'S BATTLEGROUNDS,2020-04-12,869
PLAYERUNKNOWN'S BATTLEGROUNDS,2020-12-20,688
PLAYERUNKNOWN'S BATTLEGROUNDS,2020-05-21,1002
PLAYERUNKNOWN'S BATTLEGROUNDS,2020-09-10,504
PLAYERUNKNOWN'S BATTLEGROUNDS,2020-11-12,507
PLAYERUNKNOWN'S BATTLEGROUNDS,2020-08-19,1182
PLAYERUNKNOWN'S BATTLEGROUNDS,2020-06-17,1157
PLAYERUNKNOWN'S BATTLEGROUNDS,2020-05-02,955
PLAYERUNKNOWN'S BATTLEGROUNDS,2020-08-18,640
PLAYERUNKNOWN'S BATTLEGROUNDS,2020-11-14,602
PLAYERUNKNOWN'S BATTLEGROUNDS,2020-10-25,634
PLAYERUNKNOWN'S BATTLEGROUNDS,2020-10-10,616
PLAYERUNKNOWN'S BATTLEGROUNDS,2020-08-22,818
PLAYERUNKNOWN'S BATTLEGROUNDS,2020-06-20,875
PLAYERUNKNOWN'S BATTLEGROUNDS,2020-06-04,1034
PLAYERUNKNOWN'S BATTLEGROUNDS,2020-08-07,698
PLAYERUNKNOWN'S BATTLEGROUNDS,2020-06-05,1465
PLAYERUNKNOWN'S BATTLEGROUNDS,2020-05-08,799
PLAYERUNKNOWN'S BATTLEGROUNDS,2020-12-25,643
PLAYERUNKNOWN'S BATTLEGROUNDS,2020-10-29,644
PLAYERUNKNOWN'S BATTLEGROUNDS,2020-09-03,591
PLAYERUNKNOWN'S BATTLEGROUNDS,2020-10-30,532
PLAYERUNKNOWN'S BATTLEGROUNDS,2020-09-14,607
PLAYERUNKNOWN'S BATTLEGROUNDS,2020-06-30,829
PLAYERUNKNOWN'S BATTLEGROUNDS,2020-10-27,684
PLAYERUNKNOWN'S BATTLEGROUNDS,2020-08-01,761
PLAYERUNKNOWN'S BATTLEGROUNDS,2020-08-04,693
PLAYERUNKNOWN'S BATTLEGROUNDS,2020-12-18,760
PLAYERUNKNOWN'S BATTLEGROUNDS,2020-05-15,767
PLAYERUNKNOWN'S BATTLEGROUNDS,2020-08-21,837
PLAYERUNKNOWN'S BATTLEGROUNDS,2020-05-20,1349
PLAYERUNKNOWN'S BATTLEGROUNDS,2020-06-03,1170
PLAYERUNKNOWN'S BATTLEGROUNDS,2020-08-29,700
PLAYERUNKNOWN'S BATTLEGROUNDS,2020-11-11,508
PLAYERUNKNOWN'S BATTLEGROUNDS,2020-08-28,659
PLAYERUNKNOWN'S BATTLEGROUNDS,2020-07-11,858
PLAYERUNKNOWN'S BATTLEGROUNDS,2020-05-26,760
PLAYERUNKNOWN'S BATTLEGROUNDS,2020-10-21,1119
PLAYERUNKNOWN'S BATTLEGROUNDS,2020-08-05,1103
PLAYERUNKNOWN'S BATTLEGROUNDS,2020-07-23,1013
PLAYERUNKNOWN'S BATTLEGROUNDS,2020-05-10,837
PLAYERUNKNOWN'S BATTLEGROUNDS,2020-10-22,953
PLAYERUNKNOWN'S BATTLEGROUNDS,2020-10-18,537
PLAYERUNKNOWN'S BATTLEGROUNDS,2020-07-22,1703
PLAYERUNKNOWN'S BATTLEGROUNDS,2020-05-14,827
PLAYERUNKNOWN'S BATTLEGROUNDS,2020-04-22,2099
PLAYERUNKNOWN'S BATTLEGROUNDS,2020-07-15,781
PLAYERUNKNOWN'S BATTLEGROUNDS,2020-05-24,925
PLAYERUNKNOWN'S BATTLEGROUNDS,2020-07-19,709
PLAYERUNKNOWN'S BATTLEGROUNDS,2020-09-09,601
PLAYERUNKNOWN'S BATTLEGROUNDS,2020-09-29,555
PLAYERUNKNOWN'S BATTLEGROUNDS,2020-09-18,608
PLAYERUNKNOWN'S BATTLEGROUNDS,2020-09-02,617
PLAYERUNKNOWN'S BATTLEGROUNDS,2020-08-30,718
PLAYERUNKNOWN'S BATTLEGROUNDS,2020-06-08,1449
PLAYERUNKNOWN'S BATTLEGROUNDS,2020-05-30,1012
PLAYERUNKNOWN'S BATTLEGROUNDS,2020-08-06,704
PLAYERUNKNOWN'S BATTLEGROUNDS,2020-05-01,1071
PLAYERUNKNOWN'S BATTLEGROUNDS,2020-04-26,1221
PLAYERUNKNOWN'S BATTLEGROUNDS,2020-04-06,898
PLAYERUNKNOWN'S BATTLEGROUNDS,2020-09-26,558
PLAYERUNKNOWN'S BATTLEGROUNDS,2020-12-13,722
PLAYERUNKNOWN'S BATTLEGROUNDS,2020-10-14,667
PLAYERUNKNOWN'S BATTLEGROUNDS,2020-10-08,609
PLAYERUNKNOWN'S BATTLEGROUNDS,2020-09-22,503
PLAYERUNKNOWN'S BATTLEGROUNDS,2020-09-05,658
PLAYERUNKNOWN'S BATTLEGROUNDS,2020-07-07,863
PLAYERUNKNOWN'S BATTLEGROUNDS,2020-04-19,799
PLAYERUNKNOWN'S BATTLEGROUNDS,2020-04-15,790
PLAYERUNKNOWN'S BATTLEGROUNDS,2020-10-23,664
PLAYERUNKNOWN'S BATTLEGROUNDS,2020-04-27,1163
PLAYERUNKNOWN'S BATTLEGROUNDS,2020-12-14,618
PLAYERUNKNOWN'S BATTLEGROUNDS,2020-10-17,615
PLAYERUNKNOWN'S BATTLEGROUNDS,2020-09-06,688
PLAYERUNKNOWN'S BATTLEGROUNDS,2020-05-11,757
PLAYERUNKNOWN'S BATTLEGROUNDS,2020-12-15,534
PLAYERUNKNOWN'S BATTLEGROUNDS,2020-05-27,1013
PLAYERUNKNOWN'S BATTLEGROUNDS,2020-06-23,722
PLAYERUNKNOWN'S BATTLEGROUNDS,2020-05-12,768
PLAYERUNKNOWN'S BATTLEGROUNDS,2020-12-30,668
PLAYERUNKNOWN'S BATTLEGROUNDS,2020-12-31,587
PLAYERUNKNOWN'S BATTLEGROUNDS,2020-09-11,617
PLAYERUNKNOWN'S BATTLEGROUNDS,2020-05-07,883
PLAYERUNKNOWN'S BATTLEGROUNDS,2020-12-12,720
PLAYERUNKNOWN'S BATTLEGROUNDS,2020-12-09,751
PLAYERUNKNOWN'S BATTLEGROUNDS,2020-08-10,670
PLAYERUNKNOWN'S BATTLEGROUNDS,2020-07-30,741
PLAYERUNKNOWN'S BATTLEGROUNDS,2020-12-19,752
PLAYERUNKNOWN'S BATTLEGROUNDS,2020-12-22,635
PLAYERUNKNOWN'S BATTLEGROUNDS,2020-07-09,839
PLAYERUNKNOWN'S BATTLEGROUNDS,2020-04-25,1306
PLAYERUNKNOWN'S BATTLEGROUNDS,2020-04-08,833
PLAYERUNKNOWN'S BATTLEGROUNDS,2020-05-09,873
PLAYERUNKNOWN'S BATTLEGROUNDS,2020-11-03,470
PLAYERUNKNOWN'S BATTLEGROUNDS,2020-09-23,520
PLAYERUNKNOWN'S BATTLEGROUNDS,2020-04-04,2306
PLAYERUNKNOWN'S BATTLEGROUNDS,2020-04-14,800
PLAYERUNKNOWN'S BATTLEGROUNDS,2020-08-24,658
PLAYERUNKNOWN'S BATTLEGROUNDS,2020-10-04,612
PLAYERUNKNOWN'S BATTLEGROUNDS,2020-12-21,560
PLAYERUNKNOWN'S BATTLEGROUNDS,2020-10-09,555
PLAYERUNKNOWN'S BATTLEGROUNDS,2020-09-28,500
PLAYERUNKNOWN'S BATTLEGROUNDS,2020-07-08,936
PLAYERUNKNOWN'S BATTLEGROUNDS,2020-05-22,974
PLAYERUNKNOWN'S BATTLEGROUNDS,2020-11-05,487
PLAYERUNKNOWN'S BATTLEGROUNDS,2020-07-12,733
PLAYERUNKNOWN'S BATTLEGROUNDS,2020-11-21,666
PLAYERUNKNOWN'S BATTLEGROUNDS,2020-05-18,734
PLAYERUNKNOWN'S BATTLEGROUNDS,2020-06-15,715
PLAYERUNKNOWN'S BATTLEGROUNDS,2020-08-11,601
PLAYERUNKNOWN'S BATTLEGROUNDS,2020-06-28,1004
PLAYERUNKNOWN'S BATTLEGROUNDS,2020-10-16,589
PLAYERUNKNOWN'S BATTLEGROUNDS,2020-10-13,502
PLAYERUNKNOWN'S BATTLEGROUNDS,2020-08-02,750
PLAYERUNKNOWN'S BATTLEGROUNDS,2020-07-20,708
PLAYERUNKNOWN'S BATTLEGROUNDS,2020-07-10,842
PLAYERUNKNOWN'S BATTLEGROUNDS,2020-10-07,693
PLAYERUNKNOWN'S BATTLEGROUNDS,2020-12-26,735
PLAYERUNKNOWN'S BATTLEGROUNDS,2020-07-29,1017
PLAYERUNKNOWN'S BATTLEGROUNDS,2020-11-28,1185
PLAYERUNKNOWN'S BATTLEGROUNDS,2020-11-24,519
PLAYERUNKNOWN'S BATTLEGROUNDS,2020-11-08,624
PLAYERUNKNOWN'S BATTLEGROUNDS,2020-12-05,815
PLAYERUNKNOWN'S BATTLEGROUNDS,2020-09-25,530
PLAYERUNKNOWN'S BATTLEGROUNDS,2020-07-16,774
PLAYERUNKNOWN'S BATTLEGROUNDS,2020-06-18,736
PLAYERUNKNOWN'S BATTLEGROUNDS,2020-08-23,707
PLAYERUNKNOWN'S BATTLEGROUNDS,2020-07-06,824
PLAYERUNKNOWN'S BATTLEGROUNDS,2020-04-02,1021
PLAYERUNKNOWN'S BATTLEGROUNDS,2020-10-06,590
PLAYERUNKNOWN'S BATTLEGROUNDS,2020-07-27,793
PLAYERUNKNOWN'S BATTLEGROUNDS,2020-04-24,1268
PLAYERUNKNOWN'S BATTLEGROUNDS,2020-11-15,612
PLAYERUNKNOWN'S BATTLEGROUNDS,2020-04-21,751
PLAYERUNKNOWN'S BATTLEGROUNDS,2020-04-11,899
PLAYERUNKNOWN'S BATTLEGROUNDS,2020-11-25,919
PLAYERUNKNOWN'S BATTLEGROUNDS,2020-08-26,728
PLAYERUNKNOWN'S BATTLEGROUNDS,2020-11-23,515
PLAYERUNKNOWN'S BATTLEGROUNDS,2020-08-20,876
PLAYERUNKNOWN'S BATTLEGROUNDS,2020-11-16,444
PLAYERUNKNOWN'S BATTLEGROUNDS,2020-09-27,505
PLAYERUNKNOWN'S BATTLEGROUNDS,2020-09-17,697
PLAYERUNKNOWN'S BATTLEGROUNDS,2020-07-18,744
PLAYERUNKNOWN'S BATTLEGROUNDS,2020-04-16,855
PLAYERUNKNOWN'S BATTLEGROUNDS,2020-06-22,633
PLAYERUNKNOWN'S BATTLEGROUNDS,2020-06-24,812
PLAYERUNKNOWN'S BATTLEGROUNDS,2020-05-05,887
PLAYERUNKNOWN'S BATTLEGROUNDS,2020-08-13,665
PLAYERUNKNOWN'S BATTLEGROUNDS,2020-12-07,598
PLAYERUNKNOWN'S BATTLEGROUNDS,2020-05-06,720
PLAYERUNKNOWN'S BATTLEGROUNDS,2020-07-17,713
PLAYERUNKNOWN'S BATTLEGROUNDS,2020-06-02,759
PLAYERUNKNOWN'S BATTLEGROUNDS,2020-05-25,812
PLAYERUNKNOWN'S BATTLEGROUNDS,2020-10-03,655
PLAYERUNKNOWN'S BATTLEGROUNDS,2020-07-04,898
PLAYERUNKNOWN'S BATTLEGROUNDS,2020-06-09,1137
PLAYERUNKNOWN'S BATTLEGROUNDS,2020-11-29,1113
PLAYERUNKNOWN'S BATTLEGROUNDS,2020-11-19,624
PLAYERUNKNOWN'S BATTLEGROUNDS,2020-07-13,664
PLAYERUNKNOWN'S BATTLEGROUNDS,2020-08-17,662
PLAYERUNKNOWN'S BATTLEGROUNDS,2020-12-06,769
PLAYERUNKNOWN'S BATTLEGROUNDS,2020-12-02,868
PLAYERUNKNOWN'S BATTLEGROUNDS,2020-06-12,861
PLAYERUNKNOWN'S BATTLEGROUNDS,2020-12-17,864
PLAYERUNKNOWN'S BATTLEGROUNDS,2020-12-03,701
PLAYERUNKNOWN'S BATTLEGROUNDS,2020-08-03,661
PLAYERUNKNOWN'S BATTLEGROUNDS,2020-11-18,874
PLAYERUNKNOWN'S BATTLEGROUNDS,2020-10-26,534
PLAYERUNKNOWN'S BATTLEGROUNDS,2020-11-22,622
PLAYERUNKNOWN'S BATTLEGROUNDS,2020-09-19,651
PLAYERUNKNOWN'S BATTLEGROUNDS,2020-06-26,1091
PLAYERUNKNOWN'S BATTLEGROUNDS,2020-04-20,719
PLAYERUNKNOWN'S BATTLEGROUNDS,2020-11-13,518
PLAYERUNKNOWN'S BATTLEGROUNDS,2020-05-13,815
PLAYERUNKNOWN'S BATTLEGROUNDS,2020-12-23,789
PLAYERUNKNOWN'S BATTLEGROUNDS,2020-12-16,1416
PLAYERUNKNOWN'S BATTLEGROUNDS,2020-12-04,663
PLAYERUNKNOWN'S BATTLEGROUNDS,2020-06-16,691
PLAYERUNKNOWN'S BATTLEGROUNDS,2020-10-31,572
PLAYERUNKNOWN'S BATTLEGROUNDS,2020-10-19,454
PLAYERUNKNOWN'S BATTLEGROUNDS,2020-11-26,1435
PLAYERUNKNOWN'S BATTLEGROUNDS,2020-11-10,513
PLAYERUNKNOWN'S BATTLEGROUNDS,2020-08-31,629
PLAYERUNKNOWN'S BATTLEGROUNDS,2020-07-02,833
PLAYERUNKNOWN'S BATTLEGROUNDS,2020-08-08,686
PLAYERUNKNOWN'S BATTLEGROUNDS,2020-06-21,843
PLAYERUNKNOWN'S BATTLEGROUNDS,2020-11-27,1262
PLAYERUNKNOWN'S BATTLEGROUNDS,2020-05-31,857
PLAYERUNKNOWN'S BATTLEGROUNDS,2020-12-29,634
PLAYERUNKNOWN'S BATTLEGROUNDS,2020-11-07,628
PLAYERUNKNOWN'S BATTLEGROUNDS,2020-10-24,697
PLAYERUNKNOWN'S BATTLEGROUNDS,2020-07-03,810
PLAYERUNKNOWN'S BATTLEGROUNDS,2020-05-16,825
PLAYERUNKNOWN'S BATTLEGROUNDS,2020-10-28,477
PLAYERUNKNOWN'S BATTLEGROUNDS,2020-07-24,927
PLAYERUNKNOWN'S BATTLEGROUNDS,2020-04-17,776
PLAYERUNKNOWN'S BATTLEGROUNDS,2020-04-01,1464
PLAYERUNKNOWN'S BATTLEGROUNDS,2020-07-01,877
PLAYERUNKNOWN'S BATTLEGROUNDS,2020-09-07,565
PLAYERUNKNOWN'S BATTLEGROUNDS,2020-06-07,1597
PLAYERUNKNOWN'S BATTLEGROUNDS,2020-10-11,616
PLAYERUNKNOWN'S BATTLEGROUNDS,2020-06-11,805
PLAYERUNKNOWN'S BATTLEGROUNDS,2020-06-29,908
PLAYERUNKNOWN'S BATTLEGROUNDS,2020-09-24,526
PLAYERUNKNOWN'S BATTLEGROUNDS,2020-06-27,1064
PLAYERUNKNOWN'S BATTLEGROUNDS,2020-11-17,504
PLAYERUNKNOWN'S BATTLEGROUNDS,2020-08-09,705
PLAYERUNKNOWN'S BATTLEGROUNDS,2020-05-29,860
PLAYERUNKNOWN'S BATTLEGROUNDS,2020-08-12,722
PLAYERUNKNOWN'S BATTLEGROUNDS,2020-04-13,832
PLAYERUNKNOWN'S BATTLEGROUNDS,2020-07-21,732
PLAYERUNKNOWN'S BATTLEGROUNDS,2020-04-10,884
PLAYERUNKNOWN'S BATTLEGROUNDS,2020-04-03,1169
PLAYERUNKNOWN'S BATTLEGROUNDS,2020-08-25,612
PLAYERUNKNOWN'S BATTLEGROUNDS,2020-06-19,834
PLAYERUNKNOWN'S BATTLEGROUNDS,2020-09-20,608
PLAYERUNKNOWN'S BATTLEGROUNDS,2020-12-01,952
PLAYERUNKNOWN'S BATTLEGROUNDS,2020-12-24,688
PLAYERUNKNOWN'S BATTLEGROUNDS,2020-11-20,591
PLAYERUNKNOWN'S BATTLEGROUNDS,2020-11-02,464
PLAYERUNKNOWN'S BATTLEGROUNDS,2020-12-28,606
Terraria,2020-09-26,309
Terraria,2020-02-03,429
Terraria,2020-12-01,1522
Terraria,2020-06-24,513
Terraria,2020-04-25,633
Terraria,2020-01-04,892
Terraria,2020-11-12,414
Terraria,2020-08-12,368
Terraria,2020-04-05,822
Terraria,2020-04-09,679
Terraria,2020-03-25,585
Terraria,2020-04-14,869
Terraria,2020-03-30,575
Terraria,2020-08-01,411
Terraria,2020-05-31,1077
Terraria,2020-01-18,678
Terraria,2020-10-31,544
Terraria,2020-09-20,384
Terraria,2020-09-15,304
Terraria,2020-07-10,646
Terraria,2020-07-28,407
Terraria,2020-03-13,491
Terraria,2020-05-06,722
Terraria,2020-03-07,471
Terraria,2020-12-31,733
Terraria,2020-07-14,551
Terraria,2020-06-19,552
Terraria,2020-08-23,390
Terraria,2020-07-21,489
Terraria,2020-04-04,1011
Terraria,2020-03-28,588
Terraria,2020-09-29,277
Terraria,2020-08-26,359
Terraria,2020-07-22,458
Terraria,2020-03-09,427
Terraria,2020-09-08,304
Terraria,2020-03-29,631
Terraria,2020-03-19,573
Terraria,2020-07-18,481
Terraria,2020-01-22,424
Terraria,2020-01-15,471
Terraria,2020-06-20,542
Terraria,2020-02-26,375
Terraria,2020-01-14,470
Terraria,2020-01-06,683
Terraria,2020-12-21,453
Terraria,2020-11-17,374
Terraria,2020-08-03,448
Terraria,2020-05-03,641
Terraria,2020-09-02,281
Terraria,2020-04-07,736
Terraria,2020-04-28,667
Terraria,2020-02-06,461
Terraria,2020-03-11,372
Terraria,2020-11-11,523
Terraria,2020-08-09,403
Terraria,2020-07-16,496
Terraria,2020-05-09,679
Terraria,2020-08-10,387
Terraria,2020-03-08,474
Terraria,2020-02-16,540
Terraria,2020-01-25,698
Terraria,2020-10-25,457
Terraria,2020-01-12,723
Terraria,2020-08-11,410
Terraria,2020-06-14,627
Terraria,2020-04-22,718
Terraria,2020-03-24,616
Terraria,2020-02-13,425
Terraria,2020-02-07,476
Terraria,2020-12-22,515
Terraria,2020-11-13,448
Terraria,2020-12-24,661
Terraria,2020-06-22,517
Terraria,2020-07-30,412
Terraria,2020-02-02,614
Terraria,2020-09-21,304
Terraria,2020-07-04,770
Terraria,2020-10-04,339
Terraria,2020-06-07,844
Terraria,2020-05-12,731
Terraria,2020-10-15,495
Terraria,2020-04-19,778
Terraria,2020-11-29,2008
Terraria,2020-10-24,473
Terraria,2020-04-27,646
Terraria,2020-11-06,435
Terraria,2020-06-11,668
Terraria,2020-04-06,824
Terraria,2020-11-19,360
Terraria,2020-10-10,350
Terraria,2020-06-25,668
Terraria,2020-12-07,427
Terraria,2020-05-19,2417
Terraria,2020-10-27,382
Terraria,2020-10-21,367
Terraria,2020-08-19,397
Terraria,2020-05-21,2384
Terraria,2020-04-17,804
Terraria,2020-04-13,733
Terraria,2020-04-03,919
Terraria,2020-03-21,606
Terraria,2020-09-27,352
Terraria,2020-03-12,361
Terraria,2020-02-17,486
Terraria,2020-10-23,422
Terraria,2020-10-13,592
Terraria,2020-03-02,380
Terraria,2020-12-02,538
Terraria,2020-05-26,1446
Terraria,2020-04-10,624
Terraria,2020-02-19,425
Terraria,2020-11-08,490
Terraria,2020-05-10,703
Terraria,2020-10-26,413
Terraria,2020-07-25,452
Terraria,2020-02-12,389
Terraria,2020-11-23,408
Terraria,2020-06-21,561
Terraria,2020-04-08,724
Terraria,2020-05-27,1287
Terraria,2020-12-26,774
Terraria,2020-05-01,717
Terraria,2020-05-11,705
Terraria,2020-04-02,1171
Terraria,2020-02-01,623
Terraria,2020-12-18,405
Terraria,2020-04-26,613
Terraria,2020-02-20,438
Terraria,2020-12-16,389
Terraria,2020-05-17,4784
Terraria,2020-04-23,669
Terraria,2020-01-27,549
Terraria,2020-11-22,467
Terraria,2020-09-03,287
Terraria,2020-08-14,392
Terraria,2020-01-23,447
Terraria,2020-11-16,402
Terraria,2020-09-09,317
Terraria,2020-08-25,401
Terraria,2020-06-01,1081
Terraria,2020-09-28,281
Terraria,2020-09-05,341
Terraria,2020-06-27,929
Terraria,2020-04-11,641
Terraria,2020-12-04,503
Terraria,2020-01-03,831
Terraria,2020-12-14,358
Terraria,2020-11-24,354
Terraria,2020-05-18,2875
Terraria,2020-02-09,553
Terraria,2020-09-24,268
Terraria,2020-06-12,719
Terraria,2020-05-28,1228
Terraria,2020-02-21,468
Terraria,2020-12-27,757
Terraria,2020-09-18,337
Terraria,2020-12-06,502
Terraria,2020-03-26,593
Terraria,2020-01-19,563
Terraria,2020-09-01,357
Terraria,2020-03-10,387
Terraria,2020-09-23,280
Terraria,2020-07-23,423
Terraria,2020-05-02,684
Terraria,2020-10-14,606
Terraria,2020-07-17,526
Terraria,2020-02-22,543
Terraria,2020-08-30,405
Terraria,2020-08-29,358
Terraria,2020-01-21,453
Terraria,2020-01-05,824
Terraria,2020-12-15,410
Terraria,2020-12-12,469
Terraria,2020-09-07,331
Terraria,2020-10-16,462
Terraria,2020-10-29,377
Terraria,2020-06-28,921
Terraria,2020-12-13,493
Terraria,2020-10-18,489
Terraria,2020-05-20,2109
Terraria,2020-04-01,1236
Terraria,2020-12-19,404
Terraria,2020-08-31,415
Terraria,2020-08-02,389
Terraria,2020-05-25,1628
Terraria,2020-02-14,427
Terraria,2020-11-20,394
Terraria,2020-01-02,953
Terraria,2020-12-03,486
Terraria,2020-03-22,580
Terraria,2020-03-03,390
Terraria,2020-02-24,416
Terraria,2020-07-08,800
Terraria,2020-07-01,821
Terraria,2020-06-29,891
Terraria,2020-11-25,2269
Terraria,2020-01-30,401
Terraria,2020-03-05,343
Terraria,2020-12-11,395
Terraria,2020-08-07,387
Terraria,2020-04-20,721
Terraria,2020-01-01,968
Terraria,2020-07-05,772
Terraria,2020-05-23,2166
Terraria,2020-04-15,859
Terraria,2020-11-27,2807
Terraria,2020-07-13,527
Terraria,2020-05-07,762
Terraria,2020-11-30,1841
Terraria,2020-02-29,572
Terraria,2020-12-29,781
Terraria,2020-12-09,415
Terraria,2020-05-05,705
Terraria,2020-02-18,416
Terraria,2020-03-27,548
Terraria,2020-05-04,699
Terraria,2020-07-06,713
Terraria,2020-06-05,1064
Terraria,2020-02-15,591
Terraria,2020-11-09,390
Terraria,2020-03-31,835
Terraria,2020-12-17,414
Terraria,2020-10-12,329
Terraria,2020-06-04,1021
Terraria,2020-05-16,7656
Terraria,2020-03-14,600
Terraria,2020-02-08,598
Terraria,2020-09-19,388
Terraria,2020-07-27,423
Terraria,2020-05-15,1581
Terraria,2020-02-10,404
Terraria,2020-10-08,284
Terraria,2020-11-14,467
Terraria,2020-01-20,502
Terraria,2020-11-26,4818
Terraria,2020-08-22,375
Terraria,2020-08-06,423
Terraria,2020-06-26,1148
Terraria,2020-09-14,295
Terraria,2020-03-04,337
Terraria,2020-01-31,488
Terraria,2020-09-16,365
Terraria,2020-07-29,418
Terraria,2020-07-20,480
Terraria,2020-02-25,407
Terraria,2020-06-06,901
Terraria,2020-03-17,594
Terraria,2020-07-09,748
Terraria,2020-05-24,1834
Terraria,2020-01-29,461
Terraria,2020-12-08,419
Terraria,2020-11-07,509
Terraria,2020-06-16,616
Terraria,2020-02-27,370
Terraria,2020-02-04,435
Terraria,2020-01-26,729
Terraria,2020-09-11,362
Terraria,2020-08-17,395
Terraria,2020-06-15,641
Terraria,2020-03-16,563
Terraria,2020-10-02,329
Terraria,2020-08-05,393
Terraria,2020-12-23,646
Terraria,2020-10-06,326
Terraria,2020-02-23,566
Terraria,2020-12-30,745
Terraria,2020-12-25,696
Terraria,2020-11-01,551
Terraria,2020-10-03,377
Terraria,2020-07-07,731
Terraria,2020-03-01,554
Terraria,2020-02-11,407
Terraria,2020-11-15,430
Terraria,2020-10-22,394
Terraria,2020-04-30,879
Terraria,2020-05-13,796
Terraria,2020-11-21,459
Terraria,2020-09-10,320
Terraria,2020-08-28,383
Terraria,2020-08-16,387
Terraria,2020-05-29,1177
Terraria,2020-11-18,355
Terraria,2020-03-23,587
Terraria,2020-01-17,516
Terraria,2020-10-05,312
Terraria,2020-05-22,1968
Terraria,2020-04-18,766
Terraria,2020-03-06,395
Terraria,2020-09-13,412
Terraria,2020-08-13,405
Terraria,2020-08-08,373
Terraria,2020-05-14,979
Terraria,2020-04-29,748
Terraria,2020-08-24,402
Terraria,2020-08-20,375
Terraria,2020-01-24,502
Terraria,2020-01-10,576
Terraria,2020-07-12,577
Terraria,2020-03-18,589
Terraria,2020-10-11,373
Terraria,2020-06-08,811
Terraria,2020-09-30,298
Terraria,2020-10-20,401
Terraria,2020-07-03,779
Terraria,2020-08-18,396
Terraria,2020-08-04,383
Terraria,2020-01-08,550
Terraria,2020-10-01,324
Terraria,2020-06-10,773
Terraria,2020-05-08,743
Terraria,2020-03-20,571
Terraria,2020-11-04,428
Terraria,2020-07-24,458
Terraria,2020-09-22,312
Terraria,2020-08-15,378
Terraria,2020-12-05,527
Terraria,2020-06-17,632
Terraria,2020-09-06,349
Terraria,2020-07-26,433
Terraria,2020-06-09,784
Terraria,2020-07-19,504
Terraria,2020-02-28,409
Terraria,2020-01-11,707
Terraria,2020-01-07,646
Terraria,2020-12-20,410
Terraria,2020-09-12,391
Terraria,2020-07-31,435
Terraria,2020-07-11,578
Terraria,2020-11-03,480
Terraria,2020-08-21,351
Terraria,2020-10-17,540
Terraria,2020-02-05,430
Terraria,2020-11-28,2417
Terraria,2020-09-17,368
Terraria,2020-10-28,339
Terraria,2020-09-04,373
Terraria,2020-03-15,604
Terraria,2020-10-19,382
Terraria,2020-10-30,481
Terraria,2020-06-13,700
Terraria,2020-04-24,654
Terraria,2020-04-12,626
Terraria,2020-01-09,518
Terraria,2020-06-02,954
Terraria,2020-09-25,282
Terraria,2020-01-13,466
Terraria,2020-11-10,468
Terraria,2020-07-15,488
Terraria,2020-04-21,698
Terraria,2020-07-02,757
Terraria,2020-06-23,540
Terraria,2020-04-16,836
Terraria,2020-06-18,528
Terraria,2020-10-09,280
Terraria,2020-11-02,528
Terraria,2020-05-30,1131
Terraria,2020-01-28,518
Terraria,2020-12-28,778
Terraria,2020-12-10,365
Terraria,2020-06-03,896
Terraria,2020-06-30,834
Terraria,2020-08-27,364
Terraria,2020-11-05,379
Terraria,2020-01-16,476
Terraria,2020-10-07,298
DARK SOULS™ III,2020-10-09,109
DARK SOULS™ III,2020-05-13,262
DARK SOULS™ III,2020-04-14,159
DARK SOULS™ III,2020-07-21,200
DARK SOULS™ III,2020-04-03,178
DARK SOULS™ III,2020-05-10,288
DARK SOULS™ III,2020-12-15,175
DARK SOULS™ III,2020-04-29,269
DARK SOULS™ III,2020-09-19,127
DARK SOULS™ III,2020-06-12,113
DARK SOULS™ III,2020-05-28,146
DARK SOULS™ III,2020-10-03,115
DARK SOULS™ III,2020-04-23,419
DARK SOULS™ III,2020-05-03,372
DARK SOULS™ III,2020-02-14,171
DARK SOULS™ III,2020-11-29,527
DARK SOULS™ III,2020-08-07,149
DARK SOULS™ III,2020-11-01,107
DARK SOULS™ III,2020-10-28,96
DARK SOULS™ III,2020-10-07,106
DARK SOULS™ III,2020-09-03,114
DARK SOULS™ III,2020-12-18,164
DARK SOULS™ III,2020-11-07,113
DARK SOULS™ III,2020-10-08,107
DARK SOULS™ III,2020-09-30,113
DARK SOULS™ III,2020-01-06,237
DARK SOULS™ III,2020-12-10,194
DARK SOULS™ III,2020-07-31,157
DARK SOULS™ III,2020-04-02,156
DARK SOULS™ III,2020-05-29,124
DARK SOULS™ III,2020-10-29,87
DARK SOULS™ III,2020-10-04,92
DARK SOULS™ III,2020-08-29,146
DARK SOULS™ III,2020-07-01,326
DARK SOULS™ III,2020-11-10,102
DARK SOULS™ III,2020-07-11,262
DARK SOULS™ III,2020-02-13,138
DARK SOULS™ III,2020-08-15,153
DARK SOULS™ III,2020-06-26,458
DARK SOULS™ III,2020-04-20,590
DARK SOULS™ III,2020-03-22,147
DARK SOULS™ III,2020-12-25,290
DARK SOULS™ III,2020-09-24,96
DARK SOULS™ III,2020-06-25,344
DARK SOULS™ III,2020-03-02,135
DARK SOULS™ III,2020-02-22,198
DARK SOULS™ III,2020-12-17,142
DARK SOULS™ III,2020-03-10,138
DARK SOULS™ III,2020-02-03,172
DARK SOULS™ III,2020-12-23,246
DARK SOULS™ III,2020-01-17,167
DARK SOULS™ III,2020-07-10,299
DARK SOULS™ III,2020-02-18,154
DARK SOULS™ III,2020-02-25,147
DARK SOULS™ III,2020-12-29,354
DARK SOULS™ III,2020-09-10,127
DARK SOULS™ III,2020-08-20,155
DARK SOULS™ III,2020-08-17,136
DARK SOULS™ III,2020-04-01,149
DARK SOULS™ III,2020-03-08,167
DARK SOULS™ III,2020-10-13,105
DARK SOULS™ III,2020-05-21,169
DARK SOULS™ III,2020-03-29,147
DARK SOULS™ III,2020-06-17,139
DARK SOULS™ III,2020-05-01,354
DARK SOULS™ III,2020-02-28,135
DARK SOULS™ III,2020-06-27,448
DARK SOULS™ III,2020-04-19,545
DARK SOULS™ III,2020-03-03,143
DARK SOULS™ III,2020-10-06,112
DARK SOULS™ III,2020-05-05,341
DARK SOULS™ III,2020-01-20,143
DARK SOULS™ III,2020-11-28,567
DARK SOULS™ III,2020-09-25,111
DARK SOULS™ III,2020-05-18,195
DARK SOULS™ III,2020-04-16,178
DARK SOULS™ III,2020-01-13,149
DARK SOULS™ III,2020-11-19,123
DARK SOULS™ III,2020-07-29,172
DARK SOULS™ III,2020-08-13,173
DARK SOULS™ III,2020-02-20,150
DARK SOULS™ III,2020-07-08,288
DARK SOULS™ III,2020-05-12,245
DARK SOULS™ III,2020-05-04,358
DARK SOULS™ III,2020-03-16,144
DARK SOULS™ III,2020-12-13,202
DARK SOULS™ III,2020-12-30,332
DARK SOULS™ III,2020-04-28,303
DARK SOULS™ III,2020-01-10,161
DARK SOULS™ III,2020-10-05,106
DARK SOULS™ III,2020-08-21,149
DARK SOULS™ III,2020-06-24,306
DARK SOULS™ III,2020-06-30,325
DARK SOULS™ III,2020-05-26,189
DARK SOULS™ III,2020-10-22,90
DARK SOULS™ III,2020-09-02,117
DARK SOULS™ III,2020-05-02,319
DARK SOULS™ III,2020-05-24,216
DARK SOULS™ III,2020-09-14,110
DARK SOULS™ III,2020-03-01,185
DARK SOULS™ III,2020-06-09,136
DARK SOULS™ III,2020-04-18,475
DARK SOULS™ III,2020-02-05,170
DARK SOULS™ III,2020-11-03,92
DARK SOULS™ III,2020-04-09,134
DARK SOULS™ III,2020-04-15,146
DARK SOULS™ III,2020-08-02,196
DARK SOULS™ III,2020-04-04,182
DARK SOULS™ III,2020-01-25,259
DARK SOULS™ III,2020-12-28,338
DARK SOULS™ III,2020-10-12,96
DARK SOULS™ III,2020-08-23,145
DARK SOULS™ III,2020-02-12,179
DARK SOULS™ III,2020-01-07,200
DARK SOULS™ III,2020-01-27,260
DARK SOULS™ III,2020-09-18,112
DARK SOULS™ III,2020-02-08,212
DARK SOULS™ III,2020-11-26,779
DARK SOULS™ III,2020-11-12,110
DARK SOULS™ III,2020-03-27,150
DARK SOULS™ III,2020-12-24,264
DARK SOULS™ III,2020-04-24,394
DARK SOULS™ III,2020-03-14,131
DARK SOULS™ III,2020-06-01,153
DARK SOULS™ III,2020-01-11,209
DARK SOULS™ III,2020-01-21,163
DARK SOULS™ III,2020-11-11,93
DARK SOULS™ III,2020-09-26,144
DARK SOULS™ III,2020-03-18,148
DARK SOULS™ III,2020-11-24,125
DARK SOULS™ III,2020-07-06,316
DARK SOULS™ III,2020-03-05,131
DARK SOULS™ III,2020-11-17,125
DARK SOULS™ III,2020-04-08,159
DARK SOULS™ III,2020-03-04,132
DARK SOULS™ III,2020-02-01,230
DARK SOULS™ III,2020-01-23,145
DARK SOULS™ III,2020-07-13,220
DARK SOULS™ III,2020-07-04,345
DARK SOULS™ III,2020-06-16,128
DARK SOULS™ III,2020-03-23,150
DARK SOULS™ III,2020-02-26,149
DARK SOULS™ III,2020-08-31,132
DARK SOULS™ III,2020-06-29,365
DARK SOULS™ III,2020-01-14,170
DARK SOULS™ III,2020-11-04,96
DARK SOULS™ III,2020-10-02,113
DARK SOULS™ III,2020-09-08,122
DARK SOULS™ III,2020-07-18,237
DARK SOULS™ III,2020-01-19,191
DARK SOULS™ III,2020-01-12,193
DARK SOULS™ III,2020-01-09,184
DARK SOULS™ III,2020-06-06,165
DARK SOULS™ III,2020-01-16,131
DARK SOULS™ III,2020-12-03,302
DARK SOULS™ III,2020-07-07,307
DARK SOULS™ III,2020-06-14,159
DARK SOULS™ III,2020-07-25,180
DARK SOULS™ III,2020-09-16,123
DARK SOULS™ III,2020-09-05,136
DARK SOULS™ III,2020-06-15,125
DARK SOULS™ III,2020-02-04,181
DARK SOULS™ III,2020-10-21,98
DARK SOULS™ III,2020-10-10,97
DARK SOULS™ III,2020-09-09,117
DARK SOULS™ III,2020-10-31,102
DARK SOULS™ III,2020-03-21,154
DARK SOULS™ III,2020-03-12,153
DARK SOULS™ III,2020-02-24,167
DARK SOULS™ III,2020-05-27,158
DARK SOULS™ III,2020-12-12,194
DARK SOULS™ III,2020-08-06,168
DARK SOULS™ III,2020-03-28,167
DARK SOULS™ III,2020-04-26,349
DARK SOULS™ III,2020-04-12,141
DARK SOULS™ III,2020-10-14,96
DARK SOULS™ III,2020-08-19,141
DARK SOULS™ III,2020-01-18,170
DARK SOULS™ III,2020-06-11,149
DARK SOULS™ III,2020-06-08,147
DARK SOULS™ III,2020-02-06,176
DARK SOULS™ III,2020-11-23,128
DARK SOULS™ III,2020-11-15,129
DARK SOULS™ III,2020-11-09,93
DARK SOULS™ III,2020-09-04,114
DARK SOULS™ III,2020-06-13,150
DARK SOULS™ III,2020-05-17,236
DARK SOULS™ III,2020-04-27,306
DARK SOULS™ III,2020-11-16,108
DARK SOULS™ III,2020-11-13,126
DARK SOULS™ III,2020-08-09,141
DARK SOULS™ III,2020-10-25,110
DARK SOULS™ III,2020-07-19,223
DARK SOULS™ III,2020-08-11,158
DARK SOULS™ III,2020-09-21,117
DARK SOULS™ III,2020-07-16,231
DARK SOULS™ III,2020-02-17,192
DARK SOULS™ III,2020-08-22,151
DARK SOULS™ III,2020-01-30,189
DARK SOULS™ III,2020-12-26,330
DARK SOULS™ III,2020-04-10,146
DARK SOULS™ III,2020-02-19,142
DARK SOULS™ III,2020-12-27,348
DARK SOULS™ III,2020-10-27,92
DARK SOULS™ III,2020-08-24,138
DARK SOULS™ III,2020-05-06,367
DARK SOULS™ III,2020-03-11,145
DARK SOULS™ III,2020-02-15,175
DARK SOULS™ III,2020-09-20,117
DARK SOULS™ III,2020-03-20,146
DARK SOULS™ III,2020-12-21,189
DARK SOULS™ III,2020-10-26,84
DARK SOULS™ III,2020-07-12,270
DARK SOULS™ III,2020-10-01,90
DARK SOULS™ III,2020-08-12,121
DARK SOULS™ III,2020-07-23,200
DARK SOULS™ III,2020-06-23,275
DARK SOULS™ III,2020-06-21,324
DARK SOULS™ III,2020-10-16,102
DARK SOULS™ III,2020-05-30,171
DARK SOULS™ III,2020-07-17,194
DARK SOULS™ III,2020-02-29,161
DARK SOULS™ III,2020-12-08,242
DARK SOULS™ III,2020-01-02,290
DARK SOULS™ III,2020-09-07,101
DARK SOULS™ III,2020-07-14,214
DARK SOULS™ III,2020-06-04,130
DARK SOULS™ III,2020-08-30,155
DARK SOULS™ III,2020-05-11,263
DARK SOULS™ III,2020-11-22,154
DARK SOULS™ III,2020-08-10,160
DARK SOULS™ III,2020-09-22,118
DARK SOULS™ III,2020-04-21,546
DARK SOULS™ III,2020-01-03,245
DARK SOULS™ III,2020-08-16,158
DARK SOULS™ III,2020-12-06,260
DARK SOULS™ III,2020-09-15,102
DARK SOULS™ III,2020-06-10,126
DARK SOULS™ III,2020-05-31,184
DARK SOULS™ III,2020-11-14,125
DARK SOULS™ III,2020-05-16,235
DARK SOULS™ III,2020-10-15,90
DARK SOULS™ III,2020-12-07,239
DARK SOULS™ III,2020-12-04,258
DARK SOULS™ III,2020-11-06,102
DARK SOULS™ III,2020-03-24,145
DARK SOULS™ III,2020-10-23,98
DARK SOULS™ III,2020-09-06,161
DARK SOULS™ III,2020-01-26,252
DARK SOULS™ III,2020-06-20,169
DARK SOULS™ III,2020-10-19,90
DARK SOULS™ III,2020-08-27,125
DARK SOULS™ III,2020-08-01,180
DARK SOULS™ III,2020-06-22,265
DARK SOULS™ III,2020-04-17,424
DARK SOULS™ III,2020-09-23,101
DARK SOULS™ III,2020-03-31,150
DARK SOULS™ III,2020-03-06,126
DARK SOULS™ III,2020-07-20,209
DARK SOULS™ III,2020-02-09,232
DARK SOULS™ III,2020-12-01,378
DARK SOULS™ III,2020-01-28,223
DARK SOULS™ III,2020-07-30,171
DARK SOULS™ III,2020-04-13,149
DARK SOULS™ III,2020-04-06,131
DARK SOULS™ III,2020-02-10,163
DARK SOULS™ III,2020-11-25,398
DARK SOULS™ III,2020-10-18,108
DARK SOULS™ III,2020-07-03,353
DARK SOULS™ III,2020-04-05,132
DARK SOULS™ III,2020-07-22,204
DARK SOULS™ III,2020-12-14,180
DARK SOULS™ III,2020-10-24,102
DARK SOULS™ III,2020-12-22,187
DARK SOULS™ III,2020-05-22,169
DARK SOULS™ III,2020-12-09,211
DARK SOULS™ III,2020-10-30,84
DARK SOULS™ III,2020-08-04,165
DARK SOULS™ III,2020-03-07,157
DARK SOULS™ III,2020-02-21,138
DARK SOULS™ III,2020-09-01,136
DARK SOULS™ III,2020-05-23,199
DARK SOULS™ III,2020-04-25,370
DARK SOULS™ III,2020-01-31,203
DARK SOULS™ III,2020-12-02,291
DARK SOULS™ III,2020-11-18,130
DARK SOULS™ III,2020-11-08,121
DARK SOULS™ III,2020-07-26,196
DARK SOULS™ III,2020-04-11,168
DARK SOULS™ III,2020-11-30,505
DARK SOULS™ III,2020-06-03,147
DARK SOULS™ III,2020-03-19,165
DARK SOULS™ III,2020-08-08,156
DARK SOULS™ III,2020-06-28,398
DARK SOULS™ III,2020-08-14,134
DARK SOULS™ III,2020-10-20,100
DARK SOULS™ III,2020-07-15,232
DARK SOULS™ III,2020-06-18,135
DARK SOULS™ III,2020-01-08,194
DARK SOULS™ III,2020-08-18,153
DARK SOULS™ III,2020-07-27,154
DARK SOULS™ III,2020-05-07,332
DARK SOULS™ III,2020-10-17,101
DARK SOULS™ III,2020-08-26,144
DARK SOULS™ III,2020-06-07,152
DARK SOULS™ III,2020-01-22,147
DARK SOULS™ III,2020-12-11,192
DARK SOULS™ III,2020-08-05,170
DARK SOULS™ III,2020-06-05,124
DARK SOULS™ III,2020-11-20,123
DARK SOULS™ III,2020-02-07,196
DARK SOULS™ III,2020-02-27,156
DARK SOULS™ III,2020-03-13,157
DARK SOULS™ III,2020-09-12,125
DARK SOULS™ III,2020-01-01,291
DARK SOULS™ III,2020-11-05,77
DARK SOULS™ III,2020-07-28,173
DARK SOULS™ III,2020-07-05,309
DARK SOULS™ III,2020-03-15,122
DARK SOULS™ III,2020-10-11,101
DARK SOULS™ III,2020-07-09,298
DARK SOULS™ III,2020-05-09,293
DARK SOULS™ III,2020-03-25,161
DARK SOULS™ III,2020-01-04,281
DARK SOULS™ III,2020-12-20,166
DARK SOULS™ III,2020-05-25,177
DARK SOULS™ III,2020-06-02,150
DARK SOULS™ III,2020-05-15,235
DARK SOULS™ III,2020-02-11,176
DARK SOULS™ III,2020-12-16,186
DARK SOULS™ III,2020-05-08,315
DARK SOULS™ III,2020-09-28,85
DARK SOULS™ III,2020-08-03,168
DARK SOULS™ III,2020-09-29,89
DARK SOULS™ III,2020-09-27,116
DARK SOULS™ III,2020-09-17,123
DARK SOULS™ III,2020-05-20,201
DARK SOULS™ III,2020-03-30,139
DARK SOULS™ III,2020-11-27,611
DARK SOULS™ III,2020-08-25,144
DARK SOULS™ III,2020-09-11,106
DARK SOULS™ III,2020-03-17,153
DARK SOULS™ III,2020-02-23,184
DARK SOULS™ III,2020-12-05,311
DARK SOULS™ III,2020-04-07,126
DARK SOULS™ III,2020-01-29,204
DARK SOULS™ III,2020-11-02,93
DARK SOULS™ III,2020-03-09,144
DARK SOULS™ III,2020-12-31,278
DARK SOULS™ III,2020-05-19,199
DARK SOULS™ III,2020-06-19,127
DARK SOULS™ III,2020-04-22,504
DARK SOULS™ III,2020-02-16,200
DARK SOULS™ III,2020-09-13,112
DARK SOULS™ III,2020-03-26,161
DARK SOULS™ III,2020-12-19,195
DARK SOULS™ III,2020-05-14,245
DARK SOULS™ III,2020-01-24,188
DARK SOULS™ III,2020-07-24,175
DARK SOULS™ III,2020-01-15,162
DARK SOULS™ III,2020-08-28,137
DARK SOULS™ III,2020-07-02,323
DARK SOULS™ III,2020-01-05,248
DARK SOULS™ III,2020-11-21,141
DARK SOULS™ III,2020-04-30,316
DARK SOULS™ III,2020-02-02,242
